618.6;1
617.2;1
724.0;1
870.8;1
906.7;1
867.9;1
803.8;1
770.9;1
697.3;1
659.6;1
651.8;1
650.8;1
651.7;1
652.2;1
649.5;1
649.6;1
650.8;1
650.3;1
652.1;1
651.9;1
651.3;1
653.9;1
652.5;1
651.7;1
651.9;1
651.4;1
650.5;1
651.0;1
651.2;1
651.6;1
651.2;1
650.9;1
649.9;1
650.1;1
650.0;1
649.8;1
649.8;1
649.8;1
649.6;1
649.5;1
649.2;1
648.6;1
649.9;1
649.7;1
649.2;1
648.9;1
648.6;1
648.7;1
648.1;1
648.1;1
648.0;1
647.9;1
647.6;1
647.6;1
647.7;1
647.6;1
647.5;1
647.3;1
647.0;1
646.6;1
646.4;1
646.2;1
646.0;1
645.9;1
646.3;1
646.2;1
646.1;1
646.0;1
645.9;1
645.7;1
645.6;1
645.4;1
645.2;1
645.1;1
645.0;1
644.9;1
644.6;1
644.7;1
644.6;1
644.5;1
644.5;1
644.4;1
644.3;1
644.2;1
644.1;1
644.0;1
644.1;1
644.0;1
643.9;1
643.8;1
643.6;1
643.5;1
643.4;1
643.3;1
643.3;1
643.2;1
643.2;1
643.1;1
643.1;1
643.1;1
643.0;1
643.0;1
642.9;1
642.9;1
642.8;1
642.8;1
642.8;1
642.8;1
642.8;1
642.8;1
642.7;1
642.7;1
642.7;1
642.7;1
642.6;1
642.6;1
642.6;1
642.6;1
642.6;1
642.5;1
642.5;1
642.5;1
642.5;1
642.4;1
642.4;1
642.4;1
642.4;1
642.4;1
642.3;1
642.3;1
642.3;1
642.3;1
642.3;1
642.3;1
642.3;1
642.2;1
642.2;1
642.2;1
642.2;1
642.2;1
642.1;1
642.2;1
642.1;1
642.1;1
642.1;1
642.1;1
642.1;1
642.0;1
642.0;1
642.0;1
642.0;1
642.0;1
642.1;1
642.0;1
642.0;1
642.0;1
642.0;1
642.0;1
642.0;1
642.0;1
642.0;1
642.0;1
642.0;1
642.0;1
642.0;1
642.0;1
642.0;1
642.0;1
642.0;1
642.0;1
642.0;1
642.0;1
642.0;1
642.0;1
642.0;1
642.1;1
642.1;1
642.1;1
642.1;1
642.1;1
642.1;1
642.1;1
642.1;1
642.1;1
642.1;1
642.2;1
642.2;1
642.2;1
642.2;1
642.2;1
642.2;1
642.2;1
642.2;1
642.2;1
642.2;1
642.2;1
642.3;1
642.3;1
642.3;1
642.4;1
642.4;1
642.4;1
642.4;1
642.4;1
642.5;1
642.5;1
642.5;1
642.5;1
642.6;1
642.6;1
642.6;1
642.6;1
642.6;1
642.7;1
642.7;1
642.7;1
642.7;1
642.8;1
642.8;1
642.9;1
642.9;1
643.0;1
643.0;1
643.1;1
643.1;1
643.2;1
643.2;1
643.3;1
643.3;1
643.3;1
643.4;1
648.2;1
649.4;1
649.9;1
649.6;1
649.6;1
651.2;1
652.1;1
651.3;1
651.4;1
655.2;1
653.6;1
652.7;1
652.4;1
652.8;1
652.3;1
652.7;1
652.3;1
653.1;1
653.6;1
653.5;1
654.4;1
654.6;1
655.4;1
655.3;1
655.1;1
655.6;1
655.8;1
656.1;1
656.1;1
656.5;1
656.8;1
658.4;1
658.9;1
659.2;1
659.3;1
659.4;1
659.8;1
660.0;1
660.0;1
660.2;1
660.6;1
660.8;1
661.1;1
661.6;1
662.0;1
662.5;1
662.9;1
663.1;1
663.4;1
663.9;1
664.3;1
664.6;1
664.8;1
665.5;1
665.8;1
666.1;1
666.5;1
666.8;1
667.1;1
667.4;1
667.7;1
668.0;1
668.2;1
668.6;1
668.8;1
674.4;1
675.1;1
674.5;1
674.1;1
674.5;1
675.0;1
675.1;1
676.3;1
676.9;1
680.4;1
679.4;1
679.7;1
679.5;1
680.2;1
681.4;1
681.6;1
681.7;1
682.2;1
682.8;1
683.3;1
683.8;1
684.1;1
684.4;1
684.7;1
684.7;1
685.4;1
685.7;1
686.0;1
686.6;1
687.2;1
688.2;1
688.4;1
688.6;1
688.9;1
689.1;1
689.4;1
689.6;1
689.9;1
690.1;1
690.5;1
690.7;1
691.2;1
691.6;1
692.0;1
692.1;1
692.2;1
692.3;1
692.6;1
692.8;1
693.2;1
693.4;1
693.8;1
694.6;1
695.0;1
695.3;1
695.5;1
695.9;1
696.2;1
696.6;1
696.9;1
697.1;1
701.1;1
704.9;1
705.6;1
706.1;1
706.6;1
706.4;1
706.6;1
706.8;1
708.7;1
710.0;1
709.3;1
708.8;1
709.5;1
713.6;1
712.5;1
712.9;1
712.8;1
713.1;1
713.1;1
714.1;1
714.2;1
714.8;1
715.5;1
715.8;1
716.1;1
716.5;1
716.7;1
716.7;1
716.9;1
717.5;1
718.2;1
718.4;1
718.8;1
719.6;1
720.0;1
722.1;1
722.8;1
723.0;1
723.1;1
723.9;1
724.5;1
724.9;1
725.1;1
725.3;1
725.6;1
726.0;1
726.3;1
726.7;1
727.1;1
727.6;1
728.3;1
728.7;1
729.6;1
730.1;1
730.6;1
731.0;1
731.6;1
732.0;1
732.3;1
732.8;1
733.0;1
733.4;1
733.7;1
733.9;1
734.3;1
738.5;1
740.0;1
741.0;1
741.8;1
741.8;1
742.2;1
742.0;1
743.0;1
743.9;1
744.1;1
745.1;1
745.6;1
745.9;1
749.5;1
749.6;1
750.4;1
750.4;1
750.2;1
750.5;1
750.7;1
750.7;1
751.2;1
751.5;1
752.1;1
752.5;1
753.3;1
753.7;1
754.5;1
755.3;1
755.7;1
756.1;1
756.5;1
757.1;1
758.2;1
758.6;1
758.9;1
759.4;1
759.8;1
760.2;1
760.5;1
760.9;1
761.3;1
761.6;1
762.0;1
762.8;1
763.1;1
763.6;1
763.6;1
763.9;1
764.1;1
764.4;1
764.7;1
765.0;1
765.5;1
768.5;1
776.0;1
773.3;1
772.2;1
773.2;1
773.5;1
773.6;1
774.2;1
774.2;1
774.7;1
775.2;1
776.6;1
777.5;1
777.7;1
777.7;1
778.7;1
778.6;1
779.0;1
780.0;1
781.0;1
781.4;1
783.5;1
783.9;1
784.1;1
784.2;1
784.4;1
784.5;1
784.5;1
784.8;1
784.8;1
785.1;1
785.6;1
786.1;1
786.8;1
787.2;1
787.6;1
787.8;1
788.0;1
788.2;1
788.8;1
789.2;1
789.9;1
790.2;1
791.5;1
792.0;1
792.3;1
792.6;1
793.0;1
793.4;1
794.0;1
794.2;1
794.5;1
794.7;1
795.2;1
795.5;1
795.8;1
796.0;1
796.4;1
798.3;1
802.0;1
803.2;1
803.4;1
805.0;1
804.7;1
808.2;1
807.1;1
806.7;1
806.3;1
806.6;1
806.9;1
807.7;1
808.1;1
808.8;1
809.1;1
809.7;1
810.7;1
811.4;1
811.7;1
812.2;1
812.5;1
812.9;1
813.2;1
813.9;1
814.3;1
815.0;1
815.5;1
815.9;1
818.0;1
818.6;1
818.3;1
818.6;1
818.6;1
819.0;1
818.9;1
819.0;1
819.3;1
819.5;1
819.9;1
820.1;1
820.5;1
821.0;1
821.3;1
821.5;1
821.9;1
822.7;1
823.2;1
823.8;1
824.1;1
824.5;1
825.1;1
825.5;1
825.8;1
825.9;1
826.2;1
826.5;1
826.7;1
826.8;1
827.2;1
827.5;1
827.9;1
831.4;1
833.3;1
834.4;1
834.1;1
834.6;1
835.1;1
835.7;1
836.7;1
837.2;1
837.5;1
837.7;1
841.2;1
841.0;1
840.3;1
840.7;1
841.1;1
841.1;1
841.8;1
842.2;1
842.3;1
842.7;1
843.0;1
843.4;1
844.0;1
844.5;1
845.1;1
845.3;1
846.1;1
846.5;1
847.1;1
848.0;1
848.3;1
849.2;1
849.6;1
850.0;1
850.7;1
850.9;1
851.3;1
851.6;1
851.9;1
852.4;1
852.8;1
853.2;1
853.5;1
854.0;1
854.3;1
854.5;1
854.8;1
855.0;1
855.4;1
855.6;1
856.1;1
856.5;1
857.3;1
861.9;1
862.3;1
864.4;1
863.6;1
863.4;1
865.2;1
865.3;1
866.0;1
865.9;1
866.5;1
867.0;1
866.9;1
867.5;1
868.0;1
868.1;1
868.9;1
869.1;1
869.7;1
869.8;1
870.4;1
872.5;1
872.3;1
872.5;1
872.9;1
873.4;1
873.8;1
873.9;1
874.7;1
874.6;1
875.2;1
875.5;1
876.1;1
876.5;1
876.8;1
877.0;1
877.0;1
877.2;1
877.5;1
877.6;1
878.2;1
878.5;1
879.0;1
880.0;1
880.4;1
880.7;1
880.8;1
881.0;1
881.4;1
881.7;1
881.9;1
882.2;1
882.6;1
882.9;1
883.1;1
883.4;1
883.6;1
884.0;1
884.2;1
884.6;1
884.8;1
885.1;1
885.5;1
885.9;1
886.1;1
886.4;1
886.5;1
886.7;1
891.0;1
892.8;1
893.8;1
894.5;1
895.1;1
894.1;1
894.6;1
895.4;1
896.7;1
896.5;1
895.2;1
896.2;1
896.3;1
896.5;1
898.1;1
898.6;1
899.3;1
899.9;1
900.2;1
903.6;1
903.3;1
902.9;1
902.7;1
902.8;1
903.1;1
903.3;1
903.3;1
903.8;1
904.0;1
904.0;1
904.3;1
904.9;1
905.5;1
906.0;1
906.5;1
906.9;1
907.6;1
908.2;1
908.6;1
909.1;1
909.4;1
910.6;1
911.0;1
911.3;1
911.7;1
912.1;1
912.3;1
912.6;1
912.7;1
913.0;1
913.2;1
913.5;1
913.9;1
914.2;1
914.7;1
914.8;1
915.0;1
915.3;1
915.5;1
915.8;1
916.1;1
916.4;1
916.9;1
917.6;1
921.5;1
922.6;1
922.7;1
922.8;1
923.8;1
924.2;1
924.4;1
924.3;1
925.3;1
925.6;1
926.1;1
926.5;1
926.9;1
926.6;1
927.2;1
927.5;1
927.9;1
928.3;1
928.9;1
929.5;1
929.4;1
931.5;1
931.4;1
931.4;1
931.6;1
931.9;1
932.2;1
932.6;1
932.7;1
933.2;1
933.5;1
934.1;1
934.5;1
935.2;1
935.3;1
935.4;1
935.5;1
935.7;1
936.3;1
936.7;1
937.2;1
937.7;1
938.8;1
939.0;1
939.4;1
939.7;1
940.0;1
940.5;1
940.9;1
941.2;1
941.2;1
941.4;1
941.6;1
941.9;1
942.0;1
942.3;1
942.5;1
942.7;1
943.1;1
943.6;1
943.9;1
944.3;1
944.4;1
944.7;1
944.9;1
945.1;1
945.3;1
950.4;1
951.6;1
952.3;1
952.3;1
953.4;1
954.3;1
954.0;1
954.8;1
955.3;1
954.5;1
955.1;1
955.3;1
955.6;1
956.9;1
957.1;1
957.5;1
958.1;1
958.4;1
961.4;1
961.3;1
961.0;1
960.7;1
961.4;1
962.1;1
961.9;1
961.8;1
962.2;1
962.6;1
963.0;1
963.5;1
963.9;1
964.1;1
964.5;1
964.6;1
965.4;1
965.7;1
966.2;1
966.3;1
966.6;1
967.7;1
968.0;1
968.2;1
968.7;1
969.1;1
969.4;1
969.8;1
970.0;1
970.6;1
970.9;1
971.2;1
971.6;1
971.9;1
972.5;1
972.6;1
972.7;1
973.0;1
973.3;1
973.6;1
973.9;1
974.1;1
974.3;1
975.0;1
975.3;1
980.1;1
980.3;1
980.2;1
980.7;1
980.4;1
980.8;1
982.1;1
981.9;1
982.5;1
983.8;1
984.6;1
984.3;1
984.3;1
985.1;1
985.0;1
985.4;1
986.0;1
986.1;1
986.7;1
988.7;1
988.5;1
988.7;1
988.5;1
988.9;1
989.0;1
989.1;1
989.9;1
990.5;1
991.0;1
991.5;1
991.7;1
992.0;1
992.1;1
992.0;1
992.3;1
992.7;1
993.1;1
993.4;1
993.5;1
994.1;1
994.3;1
995.6;1
996.2;1
996.5;1
997.0;1
997.2;1
997.6;1
997.8;1
998.1;1
998.3;1
998.5;1
998.8;1
999.0;1
999.3;1
999.5;1
999.7;1
999.9;1
1000.3;1
1000.5;1
1000.9;1
1001.3;1
1001.5;1
1009.9;1
1009.1;1
1008.8;1
1008.7;1
1008.7;1
1009.7;1
1008.9;1
1011.0;1
1011.1;1
1011.8;1
1011.9;1
1012.9;1
1012.1;1
1012.5;1
1012.4;1
1012.8;1
1013.1;1
1013.2;1
1014.3;1
1015.2;1
1015.3;1
1018.9;1
1019.5;1
1019.1;1
1019.4;1
1019.1;1
1019.4;1
1020.1;1
1020.4;1
1020.6;1
1020.8;1
1021.1;1
1021.5;1
1021.9;1
1022.2;1
1022.8;1
1023.0;1
1023.9;1
1024.9;1
1025.5;1
1025.6;1
1026.1;1
1026.3;1
1027.1;1
1027.6;1
1027.6;1
1028.0;1
1028.2;1
1028.7;1
1029.2;1
1029.3;1
1029.6;1
1030.0;1
1030.3;1
1030.8;1
1031.2;1
1031.6;1
1031.9;1
1032.1;1
1032.3;1
1032.5;1
1032.9;1
1033.2;1
1033.6;1
1033.8;1
1034.0;1
1034.6;1
1035.0;1
1035.2;1
1040.1;1
1040.4;1
1040.5;1
1040.7;1
1041.3;1
1042.3;1
1042.9;1
1043.3;1
1043.5;1
1043.7;1
1044.7;1
1044.7;1
1045.0;1
1046.1;1
1046.5;1
1047.4;1
1047.4;1
1047.7;1
1048.0;1
1050.0;1
1050.1;1
1050.1;1
1050.5;1
1050.5;1
1050.7;1
1051.1;1
1051.3;1
1051.7;1
1052.5;1
1052.7;1
1053.2;1
1053.9;1
1054.2;1
1054.4;1
1054.8;1
1055.3;1
1055.6;1
1056.1;1
1056.5;1
1056.9;1
1057.3;1
1058.5;1
1059.1;1
1059.9;1
1060.5;1
1061.0;1
1061.2;1
1061.5;1
1061.7;1
1061.8;1
1062.3;1
1062.7;1
1062.9;1
1063.2;1
1063.4;1
1063.7;1
1063.8;1
1064.3;1
1064.6;1
1065.0;1
1065.3;1
1065.8;1
1066.1;1
1066.3;1
1074.2;1
1072.4;1
1076.1;1
1075.4;1
1074.4;1
1074.8;1
1075.0;1
1075.6;1
1075.9;1
1077.9;1
1077.9;1
1077.7;1
1077.8;1
1079.0;1
1079.2;1
1080.4;1
1080.3;1
1081.1;1
1084.5;1
1083.9;1
1083.5;1
1083.7;1
1083.3;1
1084.1;1
1084.9;1
1085.0;1
1085.7;1
1086.0;1
1086.0;1
1086.8;1
1087.5;1
1087.9;1
1088.4;1
1088.7;1
1088.8;1
1089.1;1
1089.7;1
1090.2;1
1090.7;1
1091.6;1
1091.8;1
1092.2;1
1092.4;1
1092.7;1
1093.0;1
1093.3;1
1093.7;1
1094.2;1
1094.7;1
1095.2;1
1095.6;1
1095.8;1
1096.1;1
1096.2;1
1096.3;1
1096.4;1
1096.8;1
1097.0;1
1097.4;1
1097.6;1
1098.0;1
1098.6;1
1098.9;1
1099.3;1
1102.6;1
1105.5;1
1106.8;1
1106.0;1
1106.9;1
1107.2;1
1107.8;1
1108.5;1
1109.1;1
1109.3;1
1110.1;1
1110.4;1
1110.2;1
1111.3;1
1112.0;1
1112.4;1
1112.9;1
1113.4;1
1113.2;1
1115.0;1
1115.2;1
1115.1;1
1115.3;1
1115.8;1
1116.0;1
1116.4;1
1116.7;1
1116.9;1
1117.3;1
1117.8;1
1117.8;1
1118.1;1
1118.4;1
1118.7;1
1118.7;1
1119.1;1
1119.4;1
1119.9;1
1120.2;1
1120.6;1
1121.0;1
1121.9;1
1122.4;1
1123.1;1
1123.6;1
1124.0;1
1124.4;1
1124.6;1
1124.7;1
1124.9;1
1125.1;1
1125.2;1
1125.4;1
1125.7;1
1125.9;1
1126.1;1
1126.3;1
1126.6;1
1126.9;1
1127.2;1
1127.5;1
1127.9;1
1131.9;1
1132.9;1
1136.5;1
1134.9;1
1135.4;1
1135.8;1
1135.7;1
1135.0;1
1135.4;1
1136.3;1
1137.3;1
1137.8;1
1139.3;1
1139.7;1
1139.5;1
1139.6;1
1139.7;1
1140.3;1
1140.7;1
1141.3;1
1141.6;1
1141.9;1
1143.9;1
1144.0;1
1144.0;1
1144.5;1
1144.6;1
1145.1;1
1145.3;1
1145.5;1
1145.9;1
1146.4;1
1146.8;1
1147.2;1
1147.9;1
1148.3;1
1148.5;1
1148.8;1
1149.2;1
1149.7;1
1150.3;1
1150.8;1
1151.3;1
1151.4;1
1152.1;1
1152.4;1
1152.8;1
1153.1;1
1153.3;1
1153.6;1
1153.8;1
1154.1;1
1154.6;1
1158.7;1
1161.2;1
1161.4;1
1160.5;1
1161.4;1
1161.1;1
1161.8;1
1161.6;1
1162.6;1
1163.4;1
1163.8;1
1164.3;1
1167.7;1
1166.6;1
1166.3;1
1166.2;1
1166.1;1
1166.7;1
1167.2;1
1167.5;1
1168.3;1
1168.6;1
1169.2;1
1169.6;1
1169.9;1
1170.2;1
1170.6;1
1171.1;1
1171.4;1
1172.2;1
1172.7;1
1173.3;1
1173.4;1
1174.4;1
1174.6;1
1174.9;1
1175.2;1
1175.4;1
1175.5;1
1176.0;1
1176.2;1
1176.7;1
1177.1;1
1177.8;1
1178.1;1
1178.5;1
1178.9;1
1179.1;1
1179.3;1
1179.6;1
1179.9;1
1180.1;1
1180.4;1
1180.6;1
1180.9;1
1181.4;1
1181.8;1
1182.0;1
1182.3;1
1182.6;1
1186.9;1
1186.6;1
1186.9;1
1186.9;1
1188.3;1
1188.6;1
1189.2;1
1189.1;1
1190.1;1
1190.2;1
1190.5;1
1191.0;1
1191.7;1
1192.9;1
1194.0;1
1194.3;1
1194.3;1
1196.2;1
1196.3;1
1196.3;1
1196.7;1
1197.0;1
1197.1;1
1197.3;1
1197.4;1
1197.9;1
1198.5;1
1198.8;1
1199.0;1
1199.2;1
1199.6;1
1199.8;1
1199.7;1
1200.2;1
1200.4;1
1200.9;1
1201.2;1
1201.6;1
1201.8;1
1203.1;1
1203.8;1
1204.5;1
1204.8;1
1205.2;1
1205.7;1
1205.9;1
1206.1;1
1206.3;1
1206.6;1
1206.9;1
1207.2;1
1207.5;1
1207.8;1
1208.0;1
1208.5;1
1208.9;1
1211.1;1
1213.5;1
1214.2;1
1215.0;1
1218.2;1
1216.7;1
1216.5;1
1216.3;1
1217.2;1
1217.4;1
1217.7;1
1218.0;1
1218.6;1
1219.0;1
1219.5;1
1220.8;1
1221.7;1
1221.6;1
1221.4;1
1221.6;1
1222.2;1
1222.4;1
1222.7;1
1223.1;1
1223.7;1
1223.9;1
1226.1;1
1226.4;1
1226.7;1
1226.8;1
1227.3;1
1227.6;1
1227.6;1
1227.7;1
1228.0;1
1228.5;1
1228.7;1
1229.0;1
1229.2;1
1229.3;1
1229.5;1
1229.7;1
1230.1;1
1230.6;1
1231.0;1
1231.6;1
1232.1;1
1232.3;1
1233.0;1
1233.2;1
1233.4;1
1233.6;1
1233.8;1
1234.1;1
1234.4;1
1234.7;1
1235.0;1
1235.4;1
1236.0;1
1236.2;1
1236.7;1
1237.0;1
1239.3;1
1239.4;1
1241.0;1
1242.0;1
1242.9;1
1244.7;1
1245.0;1
1245.9;1
1248.8;1
1247.8;1
1247.8;1
1248.0;1
1248.1;1
1248.2;1
1249.4;1
1249.5;1
1249.6;1
1249.6;1
1250.0;1
1250.3;1
1250.3;1
1250.8;1
1251.2;1
1251.2;1
1251.9;1
1252.5;1
1252.6;1
1253.4;1
1253.6;1
1254.5;1
1254.7;1
1255.1;1
1255.2;1
1255.4;1
1255.9;1
1256.3;1
1256.6;1
1257.1;1
1257.3;1
1258.0;1
1258.2;1
1258.5;1
1258.7;1
1258.7;1
1258.8;1
1259.0;1
1259.4;1
1259.7;1
1260.1;1
1260.4;1
1260.7;1
1261.2;1
1261.6;1
1262.0;1
1265.5;1
1267.6;1
1267.6;1
1268.1;1
1268.6;1
1268.7;1
1269.7;1
1269.5;1
1269.9;1
1270.8;1
1271.1;1
1271.4;1
1271.3;1
1271.3;1
1272.5;1
1272.6;1
1273.4;1
1274.1;1
1274.4;1
1276.2;1
1276.1;1
1276.2;1
1276.1;1
1276.2;1
1276.8;1
1277.2;1
1277.1;1
1277.5;1
1277.7;1
1277.9;1
1278.0;1
1278.6;1
1279.4;1
1279.6;1
1279.9;1
1280.3;1
1280.6;1
1280.7;1
1281.1;1
1281.4;1
1281.8;1
1282.8;1
1283.3;1
1283.7;1
1284.1;1
1284.6;1
1284.9;1
1285.0;1
1285.0;1
1285.3;1
1285.5;1
1285.8;1
1286.1;1
1286.3;1
1286.7;1
1286.9;1
1287.3;1
1287.5;1
1287.8;1
1290.9;1
1291.7;1
1292.5;1
1293.7;1
1296.8;1
1295.9;1
1295.6;1
1295.5;1
1295.9;1
1296.2;1
1296.3;1
1296.2;1
1297.0;1
1298.2;1
1298.1;1
1298.7;1
1299.2;1
1299.6;1
1300.2;1
1300.4;1
1300.8;1
1301.4;1
1301.8;1
1302.3;1
1304.6;1
1305.0;1
1304.9;1
1305.0;1
1305.0;1
1305.3;1
1305.5;1
1305.5;1
1305.8;1
1306.1;1
1306.3;1
1306.6;1
1306.9;1
1307.2;1
1307.5;1
1307.4;1
1307.8;1
1308.2;1
1308.7;1
1309.4;1
1309.9;1
1310.3;1
1311.0;1
1311.3;1
1311.4;1
1311.7;1
1311.9;1
1312.1;1
1312.4;1
1312.8;1
1313.0;1
1313.4;1
1313.6;1
1314.0;1
1314.4;1
1314.6;1
1314.9;1
1315.0;1
1319.2;1
1321.7;1
1321.5;1
1321.6;1
1322.8;1
1322.4;1
1328.2;1
1325.7;1
1324.1;1
1323.7;1
1324.4;1
1325.3;1
1326.0;1
1325.9;1
1326.1;1
1326.4;1
1327.0;1
1327.2;1
1328.4;1
1328.1;1
1328.5;1
1327.7;1
1328.0;1
1328.2;1
1328.8;1
1329.5;1
1330.0;1
1330.1;1
1331.7;1
1332.3;1
1332.3;1
1332.6;1
1333.0;1
1333.2;1
1334.0;1
1334.7;1
1335.0;1
1335.0;1
1335.5;1
1335.9;1
1336.4;1
1336.7;1
1336.8;1
1337.3;1
1337.5;1
1338.1;1
1338.6;1
1338.8;1
1339.2;1
1340.3;1
1340.9;1
1341.3;1
1341.7;1
1341.9;1
1342.5;1
1342.7;1
1342.8;1
1343.1;1
1343.3;1
1343.5;1
1343.8;1
1344.1;1
1344.4;1
1344.7;1
1344.9;1
1345.2;1
1345.5;1
1345.9;1
1346.1;1
1349.2;1
1350.6;1
1354.2;1
1353.0;1
1352.9;1
1352.6;1
1353.3;1
1353.5;1
1354.0;1
1354.4;1
1354.8;1
1354.7;1
1354.8;1
1356.1;1
1356.3;1
1356.8;1
1357.2;1
1357.2;1
1357.7;1
1357.8;1
1358.3;1
1358.9;1
1359.1;1
1361.2;1
1361.4;1
1361.3;1
1361.5;1
1361.4;1
1361.7;1
1361.8;1
1361.9;1
1362.1;1
1362.3;1
1362.7;1
1363.0;1
1363.5;1
1363.8;1
1364.3;1
1364.6;1
1365.1;1
1365.6;1
1365.8;1
1366.6;1
1367.1;1
1367.2;1
1367.8;1
1368.0;1
1368.3;1
1368.5;1
1368.7;1
1368.9;1
1369.1;1
1369.4;1
1369.8;1
1370.2;1
1370.6;1
1373.3;1
1375.8;1
1376.3;1
1376.2;1
1376.2;1
1376.6;1
1376.9;1
1377.2;1
1378.1;1
1378.5;1
1381.9;1
1381.2;1
1380.4;1
1380.6;1
1380.5;1
1380.8;1
1380.8;1
1380.6;1
1381.3;1
1381.6;1
1382.5;1
1382.8;1
1383.3;1
1383.5;1
1383.5;1
1383.8;1
1384.2;1
1384.7;1
1385.5;1
1385.8;1
1386.6;1
1386.7;1
1387.7;1
1387.9;1
1388.1;1
1388.2;1
1388.4;1
1388.6;1
1388.9;1
1389.1;1
1389.5;1
1390.1;1
1390.7;1
1391.1;1
1391.4;1
1391.7;1
1391.9;1
1392.0;1
1392.3;1
1392.6;1
1393.0;1
1393.3;1
1393.7;1
1394.3;1
1394.7;1
1395.0;1
1395.3;1
1398.1;1
1401.1;1
1401.4;1
1401.6;1
1401.6;1
1401.7;1
1402.2;1
1402.5;1
1402.7;1
1403.4;1
1403.5;1
1403.4;1
1404.8;1
1405.5;1
1405.3;1
1405.5;1
1405.6;1
1405.8;1
1407.6;1
1407.7;1
1407.8;1
1407.8;1
1408.1;1
1408.5;1
1409.0;1
1409.2;1
1409.3;1
1409.8;1
1410.4;1
1411.0;1
1411.4;1
1412.1;1
1412.2;1
1412.2;1
1412.4;1
1412.6;1
1412.9;1
1413.2;1
1413.6;1
1413.9;1
1414.3;1
1415.2;1
1416.0;1
1416.5;1
1416.7;1
1417.2;1
1417.4;1
1417.7;1
1417.8;1
1418.0;1
1418.2;1
1418.4;1
1418.6;1
1418.9;1
1419.1;1
1419.4;1
1419.6;1
1420.0;1
1420.3;1
1420.5;1
1420.8;1
1421.0;1
1421.9;1
1427.2;1
1426.9;1
1427.5;1
1427.5;1
1427.3;1
1427.5;1
1428.0;1
1427.6;1
1428.8;1
1429.5;1
1430.2;1
1430.7;1
1431.3;1
1431.4;1
1431.7;1
1432.1;1
1432.1;1
1432.7;1
1433.1;1
1433.2;1
1433.4;1
1434.1;1
1436.0;1
1436.2;1
1436.1;1
1436.2;1
1436.4;1
1436.8;1
1436.8;1
1437.1;1
1437.4;1
1437.6;1
1437.7;1
1438.1;1
1438.6;1
1438.8;1
1438.9;1
1439.3;1
1439.6;1
1440.0;1
1440.3;1
1440.6;1
1440.9;1
1441.1;1
1441.7;1
1442.0;1
1442.2;1
1442.4;1
1442.5;1
1442.7;1
1443.0;1
1443.2;1
1443.5;1
1444.0;1
1444.3;1
1444.7;1
1445.1;1
1445.4;1
1445.6;1
1445.6;1
1445.7;1
1445.9;1
1446.2;1
1451.2;1
1451.2;1
1452.9;1
1457.4;1
1454.4;1
1454.2;1
1455.4;1
1455.5;1
1455.5;1
1456.6;1
1456.4;1
1456.2;1
1456.7;1
1457.2;1
1457.9;1
1457.9;1
1458.3;1
1458.0;1
1457.7;1
1458.9;1
1459.3;1
1459.7;1
1460.0;1
1460.5;1
1460.9;1
1462.7;1
1463.0;1
1463.2;1
1463.7;1
1463.8;1
1463.8;1
1464.6;1
1465.1;1
1465.6;1
1465.9;1
1466.2;1
1466.8;1
1467.0;1
1467.3;1
1467.7;1
1467.9;1
1468.4;1
1468.7;1
1468.9;1
1469.2;1
1469.5;1
1469.8;1
1470.7;1
1471.1;1
1471.2;1
1471.4;1
1471.8;1
1472.0;1
1472.2;1
1472.3;1
1472.4;1
1472.5;1
1472.7;1
1473.0;1
1473.1;1
1473.3;1
1473.7;1
1473.8;1
1474.2;1
1474.5;1
1474.8;1
1475.0;1
1475.3;1
1475.5;1
1475.7;1
1475.9;1
1476.2;1
1476.4;1
1476.5;1
1476.8;1
1476.9;1
1477.0;1
1481.1;1
1481.7;1
1483.2;1
1483.2;1
1484.3;1
1485.2;1
1485.0;1
1485.1;1
1485.9;1
1486.4;1
1486.3;1
1486.9;1
1487.5;1
1487.8;1
1490.8;1
1490.7;1
1490.2;1
1490.7;1
1491.1;1
1491.1;1
1491.1;1
1491.1;1
1491.5;1
1491.4;1
1491.7;1
1492.0;1
1492.4;1
1493.0;1
1493.4;1
1493.3;1
1493.6;1
1494.0;1
1494.2;1
1494.3;1
1494.6;1
1495.0;1
1496.2;1
1496.4;1
1496.5;1
1496.7;1
1496.9;1
1497.1;1
1497.1;1
1497.5;1
1497.7;1
1498.0;1
1498.4;1
1498.8;1
1498.9;1
1499.4;1
1499.8;1
1499.8;1
1499.9;1
1500.1;1
1500.3;1
1500.4;1
1500.7;1
1501.0;1
1501.2;1
1501.9;1
1502.1;1
1502.4;1
1502.6;1
1502.9;1
1503.1;1
1503.4;1
1503.5;1
1503.6;1
1503.8;1
1504.0;1
1504.3;1
1504.5;1
1509.1;1
1511.4;1
1511.0;1
1511.1;1
1511.7;1
1511.9;1
1512.3;1
1513.6;1
1514.4;1
1516.9;1
1516.0;1
1515.8;1
1515.1;1
1515.8;1
1515.5;1
1515.6;1
1516.4;1
1516.7;1
1517.5;1
1517.3;1
1518.4;1
1518.6;1
1519.0;1
1518.8;1
1519.1;1
1519.7;1
1520.3;1
1520.5;1
1520.9;1
1521.4;1
1523.3;1
1523.8;1
1523.7;1
1523.6;1
1524.0;1
1523.9;1
1524.4;1
1524.7;1
1524.9;1
1525.1;1
1525.4;1
1525.7;1
1525.8;1
1526.1;1
1526.3;1
1526.6;1
1527.0;1
1527.3;1
1527.6;1
1527.8;1
1528.3;1
1528.4;1
1528.9;1
1529.1;1
1529.2;1
1529.4;1
1529.6;1
1529.8;1
1530.0;1
1530.2;1
1530.5;1
1530.7;1
1530.9;1
1531.1;1
1531.3;1
1531.5;1
1531.6;1
1531.7;1
1531.9;1
1532.1;1
1532.3;1
1532.4;1
1532.6;1
1532.8;1
1542.9;1
1540.8;1
1540.4;1
1540.0;1
1540.3;1
1541.6;1
1542.4;1
1542.5;1
1542.8;1
1543.6;1
1543.8;1
1543.7;1
1544.6;1
1545.5;1
1545.3;1
1545.7;1
1545.9;1
1547.0;1
1547.3;1
1548.3;1
1548.8;1
1549.1;1
1551.2;1
1551.6;1
1551.9;1
1552.4;1
1552.9;1
1553.2;1
1553.7;1
1554.2;1
1554.6;1
1555.2;1
1556.0;1
1556.6;1
1557.4;1
1557.7;1
1557.8;1
1558.0;1
1558.3;1
1558.4;1
1558.7;1
1559.1;1
1559.4;1
1559.8;1
1560.8;1
1561.6;1
1562.2;1
1563.0;1
1563.5;1
1563.9;1
1564.1;1
1564.3;1
1564.6;1
1564.8;1
1565.3;1
1565.7;1
1566.1;1
1566.5;1
1566.8;1
1571.2;1
1573.6;1
1572.9;1
1573.8;1
1576.0;1
1576.1;1
1576.5;1
1579.8;1
1579.0;1
1578.8;1
1579.1;1
1580.2;1
1580.1;1
1580.8;1
1581.5;1
1582.3;1
1582.7;1
1583.7;1
1584.0;1
1584.8;1
1584.8;1
1584.7;1
1585.1;1
1585.5;1
1585.8;1
1586.4;1
1587.3;1
1587.6;1
1588.1;1
1590.1;1
1590.5;1
1590.8;1
1591.4;1
1591.7;1
1592.1;1
1592.4;1
1592.7;1
1593.1;1
1593.6;1
1594.0;1
1594.5;1
1594.8;1
1595.3;1
1595.6;1
1595.9;1
1596.6;1
1597.4;1
1598.3;1
1599.1;1
1599.4;1
1599.9;1
1600.2;1
1600.5;1
1600.8;1
1601.1;1
1601.5;1
1602.1;1
1602.4;1
1607.2;1
1610.2;1
1610.6;1
1611.4;1
1611.3;1
1612.2;1
1612.4;1
1611.9;1
1612.1;1
1613.1;1
1613.7;1
1615.1;1
1615.5;1
1615.7;1
1619.5;1
1619.0;1
1619.1;1
1618.5;1
1618.7;1
1619.4;1
1620.3;1
1620.5;1
1620.5;1
1621.0;1
1621.2;1
1621.8;1
1622.2;1
1622.7;1
1622.9;1
1623.2;1
1623.8;1
1624.6;1
1625.5;1
1626.2;1
1626.7;1
1627.4;1
1628.5;1
1628.9;1
1629.2;1
1629.5;1
1630.0;1
1630.4;1
1631.0;1
1631.3;1
1631.8;1
1632.2;1
1632.5;1
1632.8;1
1633.3;1
1633.7;1
1634.1;1
1634.3;1
1634.5;1
1634.9;1
1637.5;1
1639.9;1
1640.2;1
1640.9;1
1647.5;1
1643.5;1
1643.2;1
1643.1;1
1643.9;1
1645.7;1
1644.9;1
1645.2;1
1646.3;1
1646.3;1
1646.9;1
1647.4;1
1648.2;1
1649.0;1
1649.6;1
1650.5;1
1650.9;1
1652.0;1
1652.3;1
1652.6;1
1653.5;1
1654.0;1
1655.6;1
1655.4;1
1655.5;1
1655.6;1
1656.4;1
1656.7;1
1657.2;1
1657.2;1
1657.6;1
1658.3;1
1659.0;1
1659.7;1
1660.1;1
1660.9;1
1661.0;1
1661.2;1
1661.7;1
1662.0;1
1662.4;1
1662.8;1
1663.4;1
1664.8;1
1665.3;1
1665.9;1
1666.4;1
1666.9;1
1667.3;1
1667.7;1
1667.9;1
1668.0;1
1668.3;1
1668.6;1
1669.1;1
1669.5;1
1673.7;1
1674.5;1
1675.6;1
1675.4;1
1676.2;1
1677.7;1
1677.7;1
1678.8;1
1679.6;1
1683.8;1
1682.8;1
1682.0;1
1681.4;1
1682.1;1
1682.7;1
1682.9;1
1683.8;1
1683.9;1
1685.1;1
1685.1;1
1685.7;1
1686.4;1
1687.0;1
1687.1;1
1687.3;1
1687.8;1
1688.2;1
1688.7;1
1689.2;1
1689.9;1
1691.8;1
1692.3;1
1692.6;1
1692.7;1
1693.1;1
1693.3;1
1693.6;1
1694.1;1
1694.4;1
1694.8;1
1695.1;1
1695.5;1
1695.9;1
1696.3;1
1696.8;1
1697.0;1
1697.5;1
1698.1;1
1698.6;1
1699.2;1
1699.8;1
1700.5;1
1700.8;1
1701.1;1
1701.4;1
1701.7;1
1702.2;1
1702.8;1
1705.5;1
1709.8;1
1710.3;1
1710.5;1
1711.9;1
1711.7;1
1712.4;1
1712.2;1
1713.1;1
1713.5;1
1714.4;1
1714.8;1
1714.8;1
1715.1;1
1718.6;1
1718.6;1
1718.7;1
1718.8;1
1718.8;1
1719.0;1
1719.8;1
1720.0;1
1720.7;1
1721.0;1
1721.5;1
1721.7;1
1722.2;1
1723.2;1
1723.7;1
1723.9;1
1724.5;1
1725.3;1
1726.1;1
1726.7;1
1727.1;1
1727.4;1
1728.2;1
1728.6;1
1728.9;1
1729.4;1
1729.7;1
1730.3;1
1730.8;1
1731.0;1
1731.6;1
1732.0;1
1732.5;1
1732.7;1
1733.2;1
1733.9;1
1734.1;1
1734.4;1
1734.7;1
1735.0;1
1738.1;1
1739.4;1
1741.3;1
1742.1;1
1742.0;1
1746.0;1
1743.6;1
1742.8;1
1743.7;1
1745.0;1
1745.4;1
1746.2;1
1746.6;1
1746.4;1
1747.0;1
1747.6;1
1748.4;1
1749.4;1
1749.2;1
1749.3;1
1749.6;1
1750.8;1
1751.5;1
1752.4;1
1752.5;1
1754.7;1
1754.9;1
1754.7;1
1754.9;1
1755.1;1
1755.9;1
1756.2;1
1756.4;1
1756.6;1
1757.3;1
1757.7;1
1758.3;1
1758.8;1
1759.0;1
1759.2;1
1759.5;1
1760.0;1
1760.4;1
1760.8;1
1761.2;1
1761.8;1
1762.2;1
1763.6;1
1764.0;1
1764.4;1
1764.7;1
1764.9;1
1765.4;1
1765.6;1
1765.9;1
1766.2;1
1766.4;1
1766.7;1
1767.0;1
1767.4;1
1767.7;1
1767.8;1
1768.0;1
1768.2;1
1768.5;1
1772.7;1
1774.5;1
1775.0;1
1778.1;1
1777.7;1
1777.6;1
1777.2;1
1777.6;1
1777.8;1
1778.5;1
1779.3;1
1780.1;1
1781.0;1
1781.4;1
1782.1;1
1782.0;1
1783.0;1
1783.1;1
1783.1;1
1783.5;1
1783.8;1
1784.5;1
1785.1;1
1785.8;1
1786.3;1
1788.2;1
1788.5;1
1789.0;1
1789.1;1
1789.3;1
1789.6;1
1790.5;1
1790.8;1
1791.0;1
1791.4;1
1791.8;1
1792.1;1
1792.5;1
1792.8;1
1793.1;1
1793.3;1
1793.7;1
1794.2;1
1794.8;1
1795.2;1
1795.4;1
1796.1;1
1796.5;1
1796.8;1
1797.0;1
1797.5;1
1797.9;1
1798.2;1
1798.5;1
1799.0;1
1803.6;1
1806.9;1
1804.8;1
1806.7;1
1807.0;1
1807.2;1
1808.1;1
1807.7;1
1809.2;1
1810.3;1
1811.1;1
1810.9;1
1814.9;1
1814.3;1
1814.6;1
1814.0;1
1814.4;1
1815.0;1
1815.6;1
1815.7;1
1816.0;1
1816.2;1
1816.3;1
1816.8;1
1817.2;1
1817.7;1
1818.0;1
1818.1;1
1818.8;1
1819.7;1
1820.1;1
1820.8;1
1821.4;1
1821.6;1
1822.5;1
1823.0;1
1823.3;1
1823.6;1
1823.8;1
1824.4;1
1824.7;1
1825.1;1
1825.6;1
1826.0;1
1826.4;1
1826.9;1
1827.5;1
1827.7;1
1827.8;1
1828.1;1
1828.3;1
1828.6;1
1828.9;1
1829.2;1
1829.6;1
1829.9;1
1837.8;1
1836.6;1
1837.5;1
1839.0;1
1840.4;1
1839.5;1
1840.1;1
1840.2;1
1839.7;1
1840.2;1
1840.0;1
1840.1;1
1840.8;1
1841.6;1
1841.4;1
1841.8;1
1842.1;1
1842.8;1
1844.0;1
1844.3;1
1844.9;1
1845.1;1
1846.5;1
1846.6;1
1846.7;1
1846.8;1
1846.9;1
1847.3;1
1847.4;1
1847.6;1
1848.1;1
1848.7;1
1849.4;1
1849.7;1
1850.2;1
1850.5;1
1850.4;1
1850.8;1
1851.2;1
1851.5;1
1851.9;1
1852.3;1
1852.8;1
1853.2;1
1854.4;1
1854.9;1
1855.3;1
1855.7;1
1856.1;1
1856.4;1
1856.8;1
1857.1;1
1857.3;1
1857.6;1
1858.0;1
1858.3;1
1858.7;1
1859.0;1
1859.4;1
1859.5;1
1859.8;1
1863.8;1
1866.0;1
1867.1;1
1868.1;1
1868.4;1
1871.3;1
1870.6;1
1870.3;1
1870.2;1
1870.4;1
1870.8;1
1870.6;1
1871.5;1
1872.4;1
1872.7;1
1872.8;1
1872.9;1
1873.0;1
1873.7;1
1874.0;1
1874.4;1
1875.3;1
1875.8;1
1876.4;1
1876.8;1
1877.1;1
1878.9;1
1879.1;1
1879.2;1
1879.4;1
1879.8;1
1880.8;1
1881.3;1
1881.4;1
1881.8;1
1882.1;1
1882.4;1
1882.9;1
1883.4;1
1883.7;1
1884.0;1
1884.6;1
1885.5;1
1885.9;1
1886.5;1
1886.9;1
1887.2;1
1887.6;1
1888.1;1
1888.4;1
1888.7;1
1889.1;1
1889.5;1
1889.8;1
1890.3;1
1890.6;1
1893.0;1
1895.1;1
1896.8;1
1897.7;1
1897.3;1
1898.1;1
1897.3;1
1897.9;1
1899.0;1
1899.7;1
1900.4;1
1900.6;1
1901.3;1
1901.8;1
1905.3;1
1904.7;1
1903.9;1
1903.5;1
1903.9;1
1904.4;1
1904.2;1
1904.5;1
1904.8;1
1905.3;1
1905.4;1
1905.3;1
1905.9;1
1906.7;1
1906.9;1
1907.4;1
1908.4;1
1908.6;1
1909.1;1
1909.4;1
1909.8;1
1910.0;1
1911.2;1
1911.8;1
1912.3;1
1912.7;1
1913.1;1
1913.5;1
1914.0;1
1914.2;1
1914.5;1
1914.8;1
1915.3;1
1916.0;1
1916.3;1
1916.8;1
1916.9;1
1917.2;1
1917.5;1
1917.7;1
1918.0;1
1918.3;1
1918.5;1
1919.0;1
1923.2;1
1926.0;1
1926.5;1
1926.7;1
1925.5;1
1927.1;1
1927.7;1
1928.0;1
1928.4;1
1928.6;1
1928.9;1
1928.9;1
1929.5;1
1929.7;1
1930.6;1
1930.6;1
1931.0;1
1931.8;1
1932.7;1
1933.5;1
1934.9;1
1935.2;1
1935.3;1
1935.6;1
1935.9;1
1936.3;1
1936.4;1
1936.8;1
1937.0;1
1937.4;1
1937.6;1
1938.2;1
1938.9;1
1939.4;1
1939.8;1
1939.8;1
1939.9;1
1940.1;1
1940.4;1
1941.0;1
1941.4;1
1942.0;1
1943.1;1
1943.6;1
1943.8;1
1944.2;1
1944.5;1
1944.8;1
1945.0;1
1945.3;1
1945.5;1
1945.7;1
1946.0;1
1946.2;1
1946.4;1
1946.6;1
1946.9;1
1947.1;1
1947.2;1
1947.5;1
1948.0;1
1948.4;1
1948.8;1
1952.3;0
1953.3;0
1957.1;0
1957.9;0
1957.7;0
1958.2;0
1958.5;0
1958.7;0
1959.4;0
1959.4;0
1960.2;0
1960.5;0
1961.7;0
1961.8;0
1962.2;0
1962.8;0
1963.2;0
1962.9;0
1963.4;0
1963.6;0
1964.2;0
1964.8;0
1965.1;0
1965.2;0
1967.0;0
1967.1;0
1967.3;0
1967.4;0
1967.7;0
1968.4;0
1968.7;0
1968.8;0
1969.0;0
1969.5;0
1969.6;0
1969.7;0
1970.0;0
1970.3;0
1970.6;0
1970.8;0
1971.1;0
1971.5;0
1972.2;0
1972.7;0
1973.4;0
1974.0;0
1974.3;0
1974.8;0
1975.1;0
1975.5;0
1975.8;0
1976.2;0
1976.7;0
1977.0;0
1977.1;0
1977.4;0
1977.8;0
1978.1;0
1981.3;0
1981.8;0
1983.0;0
1983.8;0
1983.6;0
1984.3;0
1985.5;0
1986.0;0
1986.9;0
1987.7;0
1988.2;0
1991.7;0
1991.0;0
1990.7;0
1990.4;0
1990.5;0
1991.0;0
1991.0;0
1991.4;0
1991.7;0
1992.1;0
1992.4;0
1993.0;0
1993.5;0
1994.0;0
1994.3;0
1994.6;0
1995.1;0
1995.7;0
1996.4;0
1996.7;0
1997.1;0
1997.2;0
1998.3;0
1998.5;0
1999.0;0
1999.3;0
1999.6;0
1999.9;0
2000.2;0
2000.4;0
2000.7;0
2001.2;0
2002.0;0
2002.3;0
2003.1;0
2003.5;0
2003.6;0
2003.7;0
2004.0;0
2004.1;0
2004.4;0
2004.6;0
2004.8;0
2005.1;0
2005.8;0
2008.5;0
2009.4;0
2011.8;0
2011.2;0
2011.3;0
2012.8;0
2012.5;0
2012.8;0
2013.7;0
2013.9;0
2015.4;0
2016.4;0
2016.9;0
2017.4;0
2018.2;0
2017.9;0
2018.5;0
2018.0;0
2019.0;0
2019.3;0
2021.2;0
2021.5;0
2021.7;0
2021.8;0
2022.0;0
2022.1;0
2022.5;0
2022.8;0
2023.4;0
2024.0;0
2024.3;0
2024.6;0
2025.2;0
2026.1;0
2026.5;0
2026.5;0
2026.8;0
2027.0;0
2027.3;0
2027.9;0
2028.3;0
2028.7;0
2029.9;0
2030.3;0
2030.6;0
2030.7;0
2031.1;0
2031.4;0
2031.8;0
2032.0;0
2032.2;0
2032.4;0
2032.7;0
2033.0;0
2033.3;0
2033.5;0
2033.9;0
2034.1;0
2034.5;0
2035.0;0
2035.4;0
2038.2;0
2040.6;0
2043.7;0
2043.5;0
2042.1;0
2041.8;0
2042.3;0
2042.5;0
2043.4;0
2043.5;0
2043.9;0
2044.9;0
2044.9;0
2045.6;0
2046.0;0
2046.2;0
2046.5;0
2046.7;0
2046.9;0
2046.8;0
2047.4;0
2047.7;0
2048.1;0
2048.8;0
2049.0;0
2050.8;0
2051.3;0
2050.9;0
2049.9;0
2050.5;0
2051.3;0
2051.0;0
2050.9;0
2051.0;0
2051.0;0
2051.0;0
2050.9;0
2050.8;0
2050.9;0
2050.6;0
2050.4;0
2050.2;0
2050.1;0
2049.9;0
2049.8;0
2049.7;0
2049.6;0
2050.0;0
2049.9;0
2049.8;0
2049.7;0
2049.7;0
2049.6;0
2049.6;0
2049.5;0
2049.4;0
2049.4;0
2049.4;0
2049.4;0
2049.3;0
2049.2;0
2049.2;0
2049.1;0
2049.0;0
2049.0;0
2049.0;0
2048.9;0
2048.9;0
2048.8;0
2049.0;0
2048.9;0
2048.8;0
2048.7;0
2048.6;0
2048.5;0
2048.5;0
2048.5;0
2048.4;0
2048.4;0
2048.3;0
2048.3;0
2048.2;0
2048.2;0
2048.1;0
2048.1;0
2048.0;0
2048.0;0
2048.0;0
2047.9;0
2047.9;0
2047.9;0
2047.9;0
2047.9;0
2047.9;0
2047.8;0
2047.8;0
2047.8;0
2047.8;0
2047.8;0
2047.7;0
2047.7;0
2047.7;0
2047.6;0
2047.6;0
2047.6;0
2047.5;0
2047.5;0
2047.5;0
2047.4;0
2047.4;0
2047.4;0
2047.3;0
2047.3;0
2047.3;0
2047.3;0
2047.3;0
2047.2;0
2047.2;0
2047.1;0
2047.1;0
2047.1;0
2047.0;0
2047.0;0
2047.0;0
2046.9;0
2046.9;0
2046.8;0
2046.8;0
2046.7;0
2046.7;0
2046.6;0
2046.6;0
2046.5;0
2046.5;0
2041.0;0
2041.3;0
2044.3;0
2043.3;0
2042.3;0
2041.3;0
2040.9;0
2040.6;0
2040.1;0
2039.5;0
2039.3;0
2038.8;0
2038.7;0
2038.5;0
2039.0;0
2038.7;0
2038.7;0
2038.9;0
2038.8;0
2038.7;0
2038.6;0
2038.5;0
2038.4;0
2038.2;0
2038.2;0
2040.2;0
2039.8;0
2039.4;0
2039.1;0
2038.7;0
2038.3;0
2038.0;0
2038.1;0
2038.1;0
2037.9;0
2037.9;0
2038.0;0
2038.0;0
2038.1;0
2038.1;0
2037.9;0
2037.9;0
2037.9;0
2037.8;0
2037.9;0
2037.9;0
2037.9;0
2038.2;0
2038.2;0
2038.2;0
2038.1;0
2038.0;0
2038.0;0
2037.9;0
2037.9;0
2037.8;0
2037.8;0
2037.7;0
2037.7;0
2037.6;0
2037.5;0
2037.3;0
2037.3;0
2037.2;0
2037.1;0
2037.1;0
2037.0;0
2037.0;0
2037.0;0
2036.9;0
2037.1;0
2037.1;0
2037.0;0
2037.0;0
2036.9;0
2036.8;0
2036.8;0
2036.8;0
2036.7;0
2036.7;0
2036.7;0
2036.7;0
2036.6;0
2036.6;0
2036.6;0
2036.5;0
2036.5;0
2036.5;0
2036.5;0
2036.4;0
2036.4;0
2036.3;0
2036.3;0
2036.4;0
2036.4;0
2036.3;0
2036.3;0
2036.3;0
2036.2;0
2036.2;0
2036.2;0
2036.2;0
2036.2;0
2036.1;0
2036.1;0
2036.1;0
2036.1;0
2036.0;0
2036.0;0
2036.0;0
2036.0;0
2036.0;0
2035.9;0
2035.9;0
2035.9;0
2035.9;0
2035.9;0
2035.9;0
2035.8;0
2035.8;0
2035.8;0
2035.8;0
2035.8;0
2035.7;0
2035.7;0
2035.7;0
2035.6;0
2035.6;0
2035.6;0
2035.5;0
2035.5;0
2035.5;0
2035.4;0
2035.4;0
2035.4;0
2035.3;0
2035.3;0
2035.3;0
2035.3;0
2035.3;0
2035.2;0
2035.2;0
2035.2;0
2035.1;0
2035.1;0
2035.1;0
2035.0;0
2035.0;0
2034.9;0
2034.9;0
2034.9;0
2034.8;0
2034.8;0
2034.8;0
2034.7;0
2034.7;0
2034.7;0
2034.6;0
2034.6;0
2034.6;0
2034.6;0
2034.6;0
2034.5;0
2034.5;0
2034.5;0
2034.4;0
2034.4;0
2034.3;0
2034.3;0
2034.2;0
2034.2;0
2034.1;0
2034.1;0
2034.1;0
2034.0;0
2034.0;0
2033.9;0
2029.4;0
2027.2;0
2027.0;0
2027.2;0
2030.6;0
2030.9;0
2029.7;0
2029.1;0
2027.8;0
2027.4;0
2026.8;0
2026.5;0
2027.2;0
2027.4;0
2026.9;0
2026.4;0
2026.1;0
2026.6;0
2026.3;0
2026.4;0
2026.6;0
2026.5;0
2026.4;0
2026.3;0
2026.3;0
2026.5;0
2027.9;0
2027.8;0
2027.3;0
2027.3;0
2027.0;0
2026.7;0
2026.5;0
2026.3;0
2026.1;0
2026.1;0
2025.9;0
2025.7;0
2025.6;0
2025.7;0
2025.7;0
2025.6;0
2025.5;0
2025.3;0
2025.2;0
2025.2;0
2025.1;0
2025.1;0
2025.5;0
2025.6;0
2025.6;0
2025.6;0
2025.6;0
2025.5;0
2025.5;0
2025.5;0
2025.4;0
2025.4;0
2025.4;0
2025.3;0
2025.3;0
2025.3;0
2025.3;0
2025.2;0
2025.2;0
2025.1;0
2025.2;0
2025.1;0
2025.1;0
2025.1;0
2025.3;0
2025.3;0
2025.2;0
2025.1;0
2025.1;0
2025.1;0
2025.0;0
2025.0;0
2025.0;0
2025.0;0
2025.0;0
2024.9;0
2024.9;0
2024.9;0
2024.9;0
2024.9;0
2024.9;0
2024.9;0
2024.9;0
2024.8;0
2024.8;0
2024.8;0
2024.8;0
2024.8;0
2024.8;0
2024.8;0
2024.8;0
2024.8;0
2024.7;0
2024.7;0
2024.7;0
2024.7;0
2024.7;0
2024.6;0
2024.6;0
2024.6;0
2024.6;0
2024.5;0
2024.5;0
2024.5;0
2024.5;0
2024.4;0
2024.4;0
2024.4;0
2024.4;0
2024.4;0
2024.4;0
2024.3;0
2024.3;0
2024.2;0
2024.2;0
2024.2;0
2024.1;0
2024.1;0
2024.1;0
2024.0;0
2024.0;0
2023.9;0
2023.9;0
2023.9;0
2023.8;0
2023.8;0
2023.8;0
2023.7;0
2023.7;0
2023.6;0
2023.6;0
2023.6;0
2023.6;0
2023.6;0
2023.5;0
2023.5;0
2023.5;0
2023.4;0
2023.4;0
2023.4;0
2023.3;0
2023.3;0
2023.2;0
2023.2;0
2023.2;0
2023.1;0
2023.1;0
2023.1;0
2023.0;0
2023.0;0
2023.0;0
2022.9;0
2022.9;0
2022.9;0
2022.9;0
2022.9;0
2022.8;0
2022.8;0
2022.8;0
2022.7;0
2022.7;0
2022.6;0
2022.6;0
2022.5;0
2022.5;0
2022.4;0
2022.4;0
2022.4;0
2022.3;0
2022.3;0
2022.2;0
2022.2;0
2022.1;0
2019.4;0
2021.2;0
2019.8;0
2018.9;0
2017.9;0
2017.3;0
2017.1;0
2016.7;0
2016.5;0
2016.3;0
2016.9;0
2016.7;0
2016.7;0
2016.5;0
2016.4;0
2017.0;0
2016.6;0
2016.2;0
2016.1;0
2016.1;0
2016.2;0
2016.1;0
2016.1;0
2015.9;0
2017.1;0
2017.0;0
2016.5;0
2015.9;0
2015.9;0
2015.9;0
2015.8;0
2015.8;0
2015.5;0
2015.4;0
2015.3;0
2015.3;0
2015.3;0
2015.2;0
2015.1;0
2014.9;0
2014.9;0
2014.7;0
2014.6;0
2014.6;0
2014.4;0
2014.4;0
2014.7;0
2014.8;0
2014.7;0
2014.5;0
2014.5;0
2014.4;0
2014.3;0
2014.3;0
2014.3;0
2014.3;0
2014.2;0
2014.2;0
2014.1;0
2014.1;0
2014.0;0
2013.9;0
2013.8;0
2013.7;0
2013.7;0
2013.6;0
2013.5;0
2013.4;0
2013.4;0
2013.5;0
2013.5;0
2013.4;0
2013.3;0
2013.2;0
2013.1;0
2013.1;0
2013.0;0
2013.0;0
2013.0;0
2012.9;0
2012.8;0
2012.7;0
2012.6;0
2012.6;0
2012.5;0
2012.4;0
2012.4;0
2012.3;0
2012.2;0
2012.2;0
2012.1;0
2012.1;0
2012.1;0
2012.1;0
2012.0;0
2012.0;0
2011.9;0
2011.9;0
2011.8;0
2011.8;0
2011.7;0
2011.7;0
2011.6;0
2011.6;0
2011.5;0
2011.5;0
2011.4;0
2011.4;0
2011.3;0
2004.5;0
2002.8;0
2003.4;0
2009.2;0
2005.7;0
2003.8;0
2003.7;0
2003.4;0
2002.9;0
2002.4;0
2002.2;0
2002.5;0
2002.3;0
2002.5;0
2002.2;0
2002.1;0
2002.0;0
2001.8;0
2001.7;0
2001.3;0
2000.7;0
2000.6;0
2000.6;0
2000.6;0
2001.8;0
2001.9;0
2001.1;0
2000.9;0
2000.4;0
2000.0;0
2000.0;0
1999.7;0
1999.6;0
1999.1;0
1998.7;0
1998.6;0
1998.4;0
1997.8;0
1997.6;0
1997.4;0
1997.3;0
1997.1;0
1996.9;0
1996.7;0
1996.6;0
1996.6;0
1996.4;0
1997.0;0
1997.1;0
1996.7;0
1996.4;0
1996.1;0
1995.8;0
1995.6;0
1995.4;0
1995.3;0
1995.2;0
1995.1;0
1995.0;0
1994.9;0
1994.8;0
1994.7;0
1994.8;0
1994.6;0
1994.5;0
1994.4;0
1994.2;0
1993.9;0
1993.8;0
1993.9;0
1993.9;0
1993.8;0
1993.7;0
1993.6;0
1993.5;0
1993.4;0
1993.3;0
1993.2;0
1993.1;0
1992.9;0
1992.8;0
1992.7;0
1992.6;0
1992.5;0
1992.4;0
1992.3;0
1992.2;0
1992.2;0
1992.1;0
1992.1;0
1992.0;0
1992.0;0
1992.0;0
1991.9;0
1991.9;0
1991.8;0
1991.7;0
1991.6;0
1991.6;0
1991.5;0
1991.5;0
1991.4;0
1991.4;0
1991.3;0
1991.3;0
1991.2;0
1991.2;0
1991.2;0
1991.1;0
1991.0;0
1987.3;0
1984.5;0
1984.3;0
1985.3;0
1988.8;0
1987.2;0
1985.4;0
1985.0;0
1984.8;0
1984.7;0
1984.6;0
1984.7;0
1983.4;0
1983.6;0
1982.6;0
1982.7;0
1982.3;0
1982.5;0
1982.1;0
1981.9;0
1981.7;0
1981.6;0
1981.7;0
1981.7;0
1981.6;0
1981.5;0
1983.0;0
1982.6;0
1981.9;0
1981.7;0
1981.5;0
1981.1;0
1980.8;0
1980.8;0
1980.6;0
1980.5;0
1980.4;0
1980.3;0
1980.3;0
1980.0;0
1979.9;0
1979.8;0
1979.6;0
1979.6;0
1979.6;0
1979.6;0
1979.4;0
1979.2;0
1979.5;0
1979.3;0
1979.2;0
1979.0;0
1978.8;0
1978.7;0
1978.7;0
1978.6;0
1978.4;0
1978.2;0
1978.1;0
1977.9;0
1977.7;0
1977.6;0
1977.6;0
1977.5;0
1977.5;0
1977.4;0
1977.3;0
1977.2;0
1977.1;0
1977.0;0
1977.1;0
1977.0;0
1976.9;0
1976.8;0
1976.7;0
1976.6;0
1976.4;0
1976.4;0
1976.3;0
1976.3;0
1976.2;0
1976.1;0
1976.0;0
1976.0;0
1975.9;0
1975.8;0
1975.7;0
1975.7;0
1975.5;0
1975.5;0
1975.4;0
1975.3;0
1975.3;0
1975.3;0
1975.2;0
1975.2;0
1975.1;0
1975.1;0
1975.0;0
1975.0;0
1974.9;0
1974.9;0
1974.8;0
1974.8;0
1974.7;0
1974.7;0
1974.6;0
1974.6;0
1974.5;0
1968.1;0
1968.2;0
1968.6;0
1967.7;0
1967.1;0
1973.6;0
1968.3;0
1967.7;0
1967.1;0
1966.0;0
1964.9;0
1966.0;0
1966.0;0
1965.5;0
1965.3;0
1965.7;0
1965.3;0
1965.1;0
1965.0;0
1965.1;0
1964.1;0
1963.9;0
1963.8;0
1963.6;0
1963.5;0
1964.1;0
1963.8;0
1965.1;0
1965.0;0
1964.4;0
1964.1;0
1963.5;0
1963.4;0
1963.1;0
1963.1;0
1963.0;0
1962.8;0
1962.5;0
1962.3;0
1962.2;0
1962.1;0
1961.9;0
1961.7;0
1961.5;0
1961.0;0
1960.9;0
1960.8;0
1960.7;0
1960.5;0
1961.4;0
1961.2;0
1960.8;0
1960.5;0
1960.3;0
1960.0;0
1959.8;0
1959.8;0
1959.5;0
1959.4;0
1959.3;0
1959.1;0
1958.9;0
1958.7;0
1958.7;0
1958.5;0
1958.3;0
1958.1;0
1958.1;0
1957.9;0
1957.8;0
1957.7;0
1957.6;0
1957.8;0
1957.6;0
1957.5;0
1957.4;0
1957.3;0
1957.2;0
1957.1;0
1957.1;0
1957.0;0
1957.0;0
1956.9;0
1956.8;0
1956.6;0
1956.5;0
1956.5;0
1956.4;0
1956.4;0
1956.3;0
1956.3;0
1956.3;0
1956.2;0
1956.1;0
1956.2;0
1956.2;0
1956.1;0
1956.1;0
1956.0;0
1955.9;0
1955.9;0
1955.8;0
1955.8;0
1955.8;0
1955.7;0
1955.7;0
1955.6;0
1955.5;0
1955.5;0
1955.4;0
1955.4;0
1955.3;0
1955.2;0
1948.6;1
1948.9;1
2080.0;0
2154.3;0
2082.4;0
1988.2;0
1950.1;0
1945.4;1
1946.7;1
1974.6;0
1995.8;0
1990.6;0
1977.5;0
1975.2;0
1976.4;0
1976.9;0
1977.1;0
1976.6;0
1977.1;0
1977.4;0
1978.0;0
1978.1;0
1978.2;0
1979.3;0
1982.7;0
1981.2;0
1980.3;0
1979.2;0
1979.7;0
1978.9;0
1979.6;0
1979.5;0
1979.6;0
1979.5;0
1979.7;0
1979.9;0
1979.7;0
1980.0;0
1980.2;0
1979.9;0
1980.0;0
1980.4;0
1980.9;0
1981.3;0
1982.0;0
1981.8;0
1982.6;0
1982.7;0
1982.7;0
1982.5;0
1982.6;0
1982.4;0
1982.4;0
1982.4;0
1982.7;0
1982.9;0
1983.0;0
1983.1;0
1983.4;0
1983.5;0
1983.7;0
1983.7;0
1983.6;0
1983.7;0
1983.8;0
1983.9;0
1984.0;0
1984.1;0
1984.2;0
1984.6;0
1984.8;0
1985.0;0
1985.2;0
1985.5;0
1985.7;0
1985.8;0
1985.8;0
1985.8;0
1985.9;0
1986.0;0
1986.0;0
1986.1;0
1986.2;0
1986.3;0
1986.4;0
1986.5;0
1986.6;0
1986.7;0
1986.8;0
1986.8;0
1987.0;0
1987.0;0
1987.1;0
1987.1;0
1987.2;0
1987.2;0
1987.3;0
1987.4;0
1987.4;0
1987.5;0
1987.5;0
1987.6;0
1987.7;0
1987.8;0
1987.8;0
1988.7;0
1991.1;0
1992.9;0
1991.3;0
1992.4;0
1992.2;0
1993.6;0
1997.3;0
1994.9;0
1992.8;0
1992.9;0
1993.2;0
1993.3;0
1993.7;0
1994.4;0
1994.8;0
1994.4;0
1995.3;0
1995.3;0
1995.9;0
1995.9;0
1996.4;0
1996.7;0
1998.1;0
1998.3;0
1998.4;0
1998.4;0
1999.2;0
2000.7;0
2000.5;0
2000.6;0
2000.4;0
2000.4;0
2000.7;0
2001.3;0
2001.8;0
2001.9;0
2002.3;0
2002.5;0
2002.9;0
2003.2;0
2004.0;0
2004.5;0
2004.6;0
2004.9;0
2005.0;0
2005.6;0
2005.9;0
2006.5;0
2006.6;0
2007.8;0
2008.1;0
2008.6;0
2009.2;0
2009.6;0
2010.0;0
2010.4;0
2010.6;0
2010.7;0
2011.0;0
2011.5;0
2012.0;0
2012.4;0
2012.7;0
2013.0;0
2013.3;0
2013.5;0
2013.9;0
2014.3;0
2014.8;0
2015.2;0
2015.4;0
2015.8;0
2016.0;0
2016.2;0
2019.8;0
2022.1;0
2023.0;0
2023.9;0
2025.3;0
2025.4;0
2026.2;0
2025.4;0
2026.4;0
2027.3;0
2027.9;0
2028.5;0
2027.9;0
2028.3;0
2029.1;0
2030.0;0
2030.3;0
2030.4;0
2030.5;0
2033.3;0
2033.4;0
2032.3;0
2032.8;0
2033.4;0
2033.6;0
2034.8;0
2034.7;0
2034.9;0
2035.1;0
2035.2;0
2035.5;0
2035.9;0
2036.2;0
2037.1;0
2037.5;0
2037.5;0
2038.2;0
2038.8;0
2039.2;0
2040.2;0
2040.6;0
2040.9;0
2041.7;0
2042.1;0
2042.3;0
2042.5;0
2042.7;0
2043.2;0
2043.4;0
2043.8;0
2044.1;0
2044.4;0
2044.6;0
2045.1;0
2045.6;0
2046.0;0
2046.4;0
2046.6;0
2046.9;0
2047.1;0
2047.6;0
2048.0;0
2048.3;0
2048.6;0
2049.0;0
2056.3;0
2056.2;0
2051.6;0
2052.0;0
2054.2;0
2054.6;0
2053.2;0
2052.5;0
2053.3;0
2053.9;0
2053.5;0
2054.0;0
2053.5;0
2053.2;0
2053.0;0
2052.7;0
2052.2;0
2053.1;0
2052.4;0
2052.4;0
2052.6;0
2052.6;0
2054.0;0
2053.3;0
2053.2;0
2052.7;0
2052.5;0
2052.4;0
2052.0;0
2051.8;0
2051.6;0
2051.9;0
2051.8;0
2051.5;0
2051.6;0
2051.5;0
2051.5;0
2051.6;0
2051.6;0
2051.5;0
2051.7;0
2051.7;0
2051.7;0
2052.6;0
2052.5;0
2052.3;0
2052.0;0
2051.7;0
2051.5;0
2051.1;0
2051.0;0
2051.0;0
2050.9;0
2050.8;0
2050.6;0
2050.6;0
2050.4;0
2050.4;0
2050.2;0
2050.2;0
2050.2;0
2050.1;0
2050.1;0
2050.1;0
2049.9;0
2049.9;0
2050.1;0
2050.1;0
2050.1;0
2050.0;0
2050.1;0
2050.1;0
2050.1;0
2050.1;0
2050.0;0
2049.9;0
2049.8;0
2049.8;0
2049.7;0
2049.8;0
2049.7;0
2049.7;0
2049.7;0
2049.7;0
2049.6;0
2049.6;0
2049.6;0
2049.7;0
2049.7;0
2049.6;0
2049.6;0
2049.6;0
2049.5;0
2049.5;0
2049.5;0
2049.5;0
2049.5;0
2049.5;0
2049.4;0
2049.4;0
2049.4;0
2049.4;0
2049.3;0
2049.3;0
2049.3;0
2049.3;0
2049.3;0
2049.2;0
2049.2;0
2049.2;0
2049.2;0
2049.2;0
2049.2;0
2049.2;0
2049.2;0
2049.1;0
2049.1;0
2049.1;0
2049.1;0
2049.0;0
2049.0;0
2049.0;0
2049.0;0
2049.0;0
2049.0;0
2048.9;0
2048.9;0
2048.9;0
2048.8;0
2048.8;0
2048.8;0
2048.8;0
2048.8;0
2048.8;0
2048.8;0
2048.7;0
2048.7;0
2048.7;0
2048.7;0
2048.7;0
2048.6;0
2048.6;0
2048.6;0
2048.6;0
2048.5;0
2048.5;0
2048.5;0
2048.5;0
2048.4;0
2048.4;0
2048.4;0
2048.3;0
2048.3;0
2048.3;0
2048.3;0
2048.3;0
2048.3;0
2048.2;0
2048.2;0
2048.2;0
2048.1;0
2048.1;0
2048.0;0
2048.0;0
2048.0;0
2047.9;0
2047.9;0
2047.9;0
2047.8;0
2047.8;0
2047.8;0
2047.7;0
2047.7;0
2047.7;0
2047.6;0
2047.6;0
2047.6;0
2047.6;0
2047.5;0
2047.5;0
2047.5;0
2047.4;0
2047.4;0
2047.4;0
2047.3;0
2047.3;0
2047.2;0
2047.2;0
2047.2;0
2047.1;0
2047.1;0
2047.1;0
2047.0;0
2047.0;0
2047.0;0
2046.9;0
2046.9;0
2046.9;0
2046.8;0
2050.7;0
2044.4;0
2042.7;0
2041.8;0
2041.6;0
2041.2;0
2041.3;0
2041.1;0
2041.9;0
2042.1;0
2041.2;0
2040.6;0
2041.3;0
2041.3;0
2041.3;0
2041.0;0
2041.9;0
2041.2;0
2041.5;0
2041.1;0
2041.1;0
2044.6;0
2043.1;0
2042.6;0
2041.9;0
2041.6;0
2041.8;0
2041.3;0
2041.1;0
2040.8;0
2040.7;0
2040.5;0
2040.4;0
2040.6;0
2040.4;0
2040.0;0
2040.0;0
2040.0;0
2040.1;0
2039.7;0
2039.7;0
2039.8;0
2039.9;0
2040.7;0
2040.6;0
2040.5;0
2040.3;0
2040.1;0
2040.1;0
2039.9;0
2039.7;0
2039.4;0
2039.3;0
2039.3;0
2039.2;0
2039.1;0
2039.1;0
2039.1;0
2039.1;0
2039.0;0
2039.1;0
2039.1;0
2039.0;0
2039.0;0
2039.0;0
2039.3;0
2039.2;0
2039.2;0
2039.2;0
2039.1;0
2039.1;0
2039.1;0
2039.0;0
2039.0;0
2038.9;0
2038.9;0
2038.9;0
2038.8;0
2038.8;0
2038.8;0
2038.7;0
2038.7;0
2038.7;0
2038.7;0
2038.6;0
2038.5;0
2038.6;0
2038.6;0
2038.6;0
2038.6;0
2038.5;0
2038.5;0
2038.5;0
2038.4;0
2038.4;0
2038.4;0
2038.3;0
2038.3;0
2038.3;0
2038.2;0
2038.2;0
2038.2;0
2038.1;0
2038.1;0
2038.1;0
2038.1;0
2038.0;0
2038.0;0
2038.0;0
2038.0;0
2038.0;0
2038.0;0
2038.0;0
2038.0;0
2037.9;0
2037.9;0
2037.9;0
2037.9;0
2037.8;0
2037.8;0
2037.8;0
2037.8;0
2037.8;0
2037.7;0
2037.7;0
2037.7;0
2037.6;0
2037.6;0
2037.6;0
2037.6;0
2037.5;0
2037.5;0
2037.5;0
2037.5;0
2037.5;0
2037.4;0
2037.4;0
2037.4;0
2037.3;0
2037.3;0
2037.3;0
2037.3;0
2037.2;0
2037.2;0
2037.2;0
2037.1;0
2037.1;0
2037.1;0
2037.0;0
2037.0;0
2036.9;0
2036.9;0
2036.9;0
2036.8;0
2036.9;0
2036.8;0
2036.8;0
2036.7;0
2036.7;0
2036.7;0
2036.6;0
2036.6;0
2036.6;0
2036.6;0
2036.5;0
2036.5;0
2036.5;0
2036.5;0
2036.4;0
2036.4;0
2036.4;0
2036.3;0
2036.3;0
2036.3;0
2036.2;0
2036.2;0
2036.2;0
2036.2;0
2036.1;0
2036.1;0
2036.1;0
2036.1;0
2036.0;0
2036.0;0
2036.0;0
2036.0;0
2035.9;0
2035.9;0
2035.8;0
2035.8;0
2035.8;0
2035.7;0
2035.7;0
2035.7;0
2035.6;0
2035.6;0
2035.6;0
2035.5;0
2035.6;0
2035.5;0
2035.5;0
2035.4;0
2035.4;0
2035.4;0
2035.3;0
2035.3;0
2035.3;0
2035.2;0
2035.2;0
2035.2;0
2035.1;0
2035.1;0
2035.0;0
2035.0;0
2035.0;0
2034.9;0
2034.9;0
2034.9;0
2034.8;0
2034.8;0
2032.8;0
2034.1;0
2031.6;0
2030.6;0
2029.8;0
2029.9;0
2030.4;0
2030.5;0
2029.5;0
2028.9;0
2029.5;0
2029.5;0
2029.9;0
2029.2;0
2029.0;0
2028.7;0
2028.2;0
2028.5;0
2028.7;0
2028.8;0
2028.9;0
2028.9;0
2029.1;0
2032.1;0
2030.9;0
2030.3;0
2029.1;0
2029.1;0
2028.4;0
2028.1;0
2027.9;0
2028.0;0
2028.2;0
2028.1;0
2027.7;0
2027.7;0
2027.3;0
2027.3;0
2026.8;0
2026.5;0
2026.6;0
2026.8;0
2026.7;0
2026.9;0
2026.7;0
2027.5;0
2027.7;0
2027.7;0
2027.7;0
2027.7;0
2027.7;0
2027.7;0
2027.8;0
2027.6;0
2027.6;0
2027.5;0
2027.5;0
2027.5;0
2027.4;0
2027.4;0
2027.3;0
2027.2;0
2027.1;0
2027.1;0
2027.1;0
2027.1;0
2027.0;0
2027.4;0
2027.5;0
2027.5;0
2027.3;0
2027.3;0
2027.2;0
2027.1;0
2027.1;0
2027.0;0
2027.0;0
2026.9;0
2026.8;0
2026.8;0
2026.7;0
2026.6;0
2026.5;0
2026.5;0
2026.4;0
2026.3;0
2026.2;0
2026.2;0
2026.1;0
2026.2;0
2026.2;0
2026.1;0
2026.1;0
2026.0;0
2026.0;0
2025.9;0
2025.9;0
2025.8;0
2025.8;0
2025.7;0
2025.6;0
2025.5;0
2025.5;0
2025.4;0
2025.4;0
2025.3;0
2025.3;0
2025.3;0
2025.2;0
2025.2;0
2025.2;0
2025.2;0
2025.1;0
2025.1;0
2025.0;0
2025.0;0
2025.0;0
2024.9;0
2024.9;0
2024.8;0
2024.8;0
2024.7;0
2024.7;0
2024.6;0
2024.5;0
2024.5;0
2024.4;0
2019.8;0
2018.5;0
2016.4;0
2016.4;0
2017.2;0
2016.5;0
2018.7;0
2017.7;0
2016.9;0
2016.3;0
2017.0;0
2017.0;0
2016.3;0
2016.2;0
2016.9;0
2016.4;0
2016.0;0
2016.3;0
2015.8;0
2015.7;0
2015.3;0
2015.2;0
2015.2;0
2015.0;0
2014.7;0
2014.4;0
2014.2;0
2015.4;0
2015.0;0
2014.6;0
2014.2;0
2014.0;0
2013.6;0
2013.4;0
2013.3;0
2013.2;0
2013.0;0
2013.0;0
2013.0;0
2012.8;0
2012.5;0
2012.2;0
2012.0;0
2011.9;0
2011.6;0
2011.5;0
2011.4;0
2011.3;0
2011.0;0
2011.2;0
2011.2;0
2011.1;0
2010.9;0
2010.8;0
2010.6;0
2010.4;0
2010.2;0
2010.1;0
2009.9;0
2009.7;0
2009.6;0
2009.4;0
2009.2;0
2009.1;0
2009.0;0
2008.9;0
2008.8;0
2008.8;0
2008.7;0
2008.6;0
2008.7;0
2008.7;0
2008.6;0
2008.5;0
2008.4;0
2008.4;0
2008.2;0
2008.2;0
2008.2;0
2008.1;0
2008.1;0
2008.0;0
2008.0;0
2007.9;0
2007.9;0
2007.8;0
2007.7;0
2007.7;0
2007.6;0
2007.5;0
2007.5;0
2007.4;0
2007.5;0
2007.4;0
2007.4;0
2007.4;0
2007.3;0
2007.3;0
2007.3;0
2007.2;0
2007.2;0
2007.2;0
2007.1;0
2007.1;0
2007.0;0
2007.0;0
2007.0;0
2006.9;0
2006.9;0
2006.8;0
2006.8;0
2006.8;0
2006.7;0
2004.5;0
2001.8;0
2007.3;0
2002.6;0
2000.3;0
1999.8;0
1998.4;0
1998.8;0
1998.7;0
1998.4;0
1998.7;0
1998.9;0
1998.8;0
1998.4;0
1998.2;0
1998.1;0
1998.5;0
1997.9;0
1997.6;0
1997.5;0
1997.4;0
1997.5;0
1997.4;0
1996.9;0
1996.9;0
1998.7;0
1998.4;0
1997.9;0
1997.8;0
1997.5;0
1997.9;0
1997.7;0
1997.7;0
1996.9;0
1996.7;0
1996.3;0
1995.6;0
1995.6;0
1995.3;0
1995.2;0
1995.1;0
1995.0;0
1994.9;0
1994.8;0
1994.8;0
1994.7;0
1995.4;0
1995.3;0
1994.8;0
1994.6;0
1994.3;0
1994.1;0
1994.0;0
1994.0;0
1994.0;0
1993.8;0
1993.7;0
1993.5;0
1993.4;0
1993.2;0
1993.1;0
1992.9;0
1992.7;0
1992.6;0
1992.5;0
1992.3;0
1992.1;0
1991.9;0
1992.0;0
1992.0;0
1991.9;0
1991.9;0
1991.8;0
1991.8;0
1991.7;0
1991.6;0
1991.5;0
1991.4;0
1991.2;0
1991.1;0
1990.9;0
1990.8;0
1990.7;0
1990.7;0
1990.6;0
1990.6;0
1990.5;0
1990.4;0
1990.3;0
1990.2;0
1990.3;0
1990.2;0
1990.2;0
1990.1;0
1990.1;0
1990.0;0
1989.9;0
1989.9;0
1989.8;0
1989.8;0
1989.8;0
1989.7;0
1989.7;0
1989.6;0
1989.6;0
1989.6;0
1989.5;0
1989.5;0
1989.4;0
1989.4;0
1989.3;0
1982.6;0
1982.2;0
1985.3;0
1984.7;0
1983.4;0
1982.6;0
1982.0;0
1982.0;0
1981.3;0
1981.6;0
1981.5;0
1981.8;0
1981.7;0
1981.1;0
1981.0;0
1980.7;0
1980.7;0
1980.5;0
1980.5;0
1980.8;0
1980.8;0
1980.6;0
1980.1;0
1980.3;0
1981.9;0
1981.8;0
1981.3;0
1980.7;0
1980.8;0
1980.5;0
1980.3;0
1980.3;0
1980.1;0
1980.1;0
1980.0;0
1980.0;0
1979.8;0
1979.6;0
1979.6;0
1979.4;0
1979.1;0
1978.9;0
1978.8;0
1978.6;0
1978.5;0
1978.3;0
1978.2;0
1978.5;0
1978.4;0
1978.3;0
1978.1;0
1977.9;0
1977.7;0
1977.5;0
1977.3;0
1977.1;0
1977.1;0
1976.8;0
1976.7;0
1976.5;0
1976.4;0
1976.3;0
1976.2;0
1976.1;0
1976.0;0
1976.0;0
1975.9;0
1975.8;0
1976.0;0
1976.0;0
1975.8;0
1975.8;0
1975.7;0
1975.6;0
1975.6;0
1975.5;0
1975.5;0
1975.5;0
1975.4;0
1975.4;0
1975.3;0
1975.3;0
1975.2;0
1975.2;0
1975.2;0
1975.1;0
1975.1;0
1975.0;0
1975.0;0
1974.9;0
1974.9;0
1974.9;0
1974.9;0
1974.9;0
1974.8;0
1974.8;0
1974.7;0
1974.7;0
1974.7;0
1974.6;0
1974.6;0
1974.5;0
1974.5;0
1974.4;0
1974.4;0
1974.3;0
1974.3;0
1974.2;0
1974.2;0
1974.1;0
1968.6;0
1968.2;0
1968.5;0
1970.8;0
1968.7;0
1967.0;0
1966.8;0
1968.0;0
1967.0;0
1967.0;0
1966.4;0
1966.5;0
1966.6;0
1966.4;0
1966.7;0
1966.8;0
1966.7;0
1966.7;0
1965.8;0
1966.0;0
1965.8;0
1965.4;0
1965.3;0
1964.9;0
1964.6;0
1965.8;0
1966.0;0
1965.7;0
1965.2;0
1965.1;0
1964.8;0
1964.5;0
1964.5;0
1964.4;0
1964.2;0
1964.1;0
1963.9;0
1963.8;0
1963.7;0
1963.6;0
1963.4;0
1963.2;0
1963.1;0
1963.1;0
1962.8;0
1962.7;0
1962.4;0
1963.2;0
1963.0;0
1962.7;0
1962.5;0
1962.3;0
1962.0;0
1961.9;0
1961.6;0
1961.6;0
1961.5;0
1961.3;0
1961.3;0
1961.1;0
1960.9;0
1960.9;0
1960.7;0
1960.6;0
1960.4;0
1960.3;0
1960.2;0
1960.1;0
1960.1;0
1960.2;0
1960.2;0
1960.1;0
1960.1;0
1960.0;0
1959.8;0
1959.7;0
1959.7;0
1959.6;0
1959.5;0
1959.4;0
1959.3;0
1959.2;0
1959.2;0
1959.1;0
1959.1;0
1959.0;0
1958.9;0
1958.9;0
1958.8;0
1958.7;0
1958.7;0
1958.7;0
1958.7;0
1958.6;0
1958.6;0
1958.5;0
1958.4;0
1958.3;0
1958.3;0
1958.3;0
1958.2;0
1958.2;0
1958.2;0
1958.2;0
1958.1;0
1958.1;0
1958.0;0
1958.0;0
1957.9;0
1957.9;0
1957.8;0
1957.8;0
1957.8;0
1960.0;0
1953.8;0
1951.6;0
1951.6;0
1952.5;0
1952.5;0
1951.5;0
1951.6;0
1951.1;0
1950.8;0
1951.3;0
1951.3;0
1950.8;0
1950.6;0
1950.0;0
1950.3;0
1949.9;1
1951.5;0
1978.3;0
2130.8;0
2159.6;0
2042.7;0
1955.4;0
1948.3;1
1947.0;1
1992.7;0
2007.5;0
2002.7;0
1997.3;0
1989.1;0
1984.9;0
1982.5;0
1980.8;0
1980.3;0
1980.8;0
1980.5;0
1980.7;0
1980.4;0
1980.8;0
1980.9;0
1980.9;0
1981.3;0
1981.3;0
1982.5;0
1982.5;0
1982.6;0
1982.6;0
1982.3;0
1982.4;0
1982.1;0
1982.1;0
1982.0;0
1982.3;0
1982.2;0
1982.7;0
1982.8;0
1982.8;0
1982.8;0
1982.8;0
1982.9;0
1983.1;0
1983.2;0
1983.4;0
1983.7;0
1984.0;0
1985.0;0
1984.9;0
1985.0;0
1985.2;0
1985.1;0
1985.2;0
1985.3;0
1985.4;0
1985.5;0
1985.5;0
1985.6;0
1985.6;0
1985.8;0
1985.9;0
1985.9;0
1985.9;0
1986.0;0
1986.1;0
1986.3;0
1986.4;0
1986.5;0
1986.8;0
1986.9;0
1987.0;0
1987.1;0
1987.2;0
1987.2;0
1987.4;0
1987.5;0
1987.6;0
1987.7;0
1987.8;0
1987.9;0
1988.0;0
1988.1;0
1988.2;0
1988.2;0
1988.3;0
1988.4;0
1988.4;0
1988.5;0
1988.6;0
1988.7;0
1997.4;0
1995.2;0
1993.3;0
1992.8;0
1992.6;0
1994.2;0
1992.9;0
1993.1;0
1993.5;0
1993.9;0
1994.5;0
1995.0;0
1995.5;0
1996.2;0
1996.0;0
1995.8;0
1996.0;0
1996.2;0
1997.0;0
1996.6;0
1996.7;0
1997.9;0
1997.8;0
1997.6;0
1997.4;0
1997.5;0
1997.4;0
1997.3;0
1997.5;0
1997.9;0
1997.5;0
1997.5;0
1997.8;0
1998.0;0
1998.3;0
1998.4;0
1998.5;0
1998.9;0
1999.2;0
1999.2;0
1999.3;0
1999.5;0
2000.5;0
2000.9;0
2001.1;0
2001.5;0
2001.8;0
2002.3;0
2002.6;0
2002.6;0
2002.9;0
2003.2;0
2003.4;0
2003.7;0
2003.9;0
2004.2;0
2004.5;0
2004.8;0
2005.0;0
2005.4;0
2005.8;0
2006.2;0
2006.5;0
2007.0;0
2007.2;0
2016.4;0
2015.8;0
2015.3;0
2016.2;0
2017.3;0
2018.1;0
2019.1;0
2018.7;0
2019.7;0
2018.8;0
2018.9;0
2019.2;0
2019.8;0
2020.9;0
2021.1;0
2021.5;0
2022.2;0
2022.1;0
2022.6;0
2023.5;0
2023.4;0
2026.9;0
2026.8;0
2026.8;0
2027.4;0
2027.3;0
2027.7;0
2027.8;0
2028.3;0
2028.6;0
2029.0;0
2030.0;0
2030.3;0
2030.8;0
2031.2;0
2031.5;0
2031.8;0
2032.4;0
2032.6;0
2032.8;0
2033.7;0
2034.3;0
2035.5;0
2035.7;0
2035.9;0
2036.1;0
2036.4;0
2036.7;0
2037.1;0
2037.5;0
2037.9;0
2038.4;0
2038.6;0
2039.2;0
2039.6;0
2039.8;0
2040.1;0
2040.2;0
2040.4;0
2040.7;0
2041.1;0
2041.4;0
2041.8;0
2042.2;0
2042.5;0
2043.3;0
2043.7;0
2044.1;0
2048.1;0
2050.1;0
2050.6;0
2049.7;0
2047.6;0
2048.6;0
2050.4;0
2049.9;0
2049.3;0
2049.9;0
2050.3;0
2050.3;0
2050.0;0
2049.7;0
2049.8;0
2049.6;0
2049.6;0
2050.0;0
2049.8;0
2051.2;0
2051.4;0
2051.2;0
2050.6;0
2050.1;0
2049.9;0
2049.7;0
2049.6;0
2049.2;0
2049.3;0
2049.0;0
2049.0;0
2049.0;0
2049.0;0
2049.0;0
2048.9;0
2048.9;0
2048.8;0
2049.0;0
2048.9;0
2048.9;0
2048.8;0
2049.4;0
2049.5;0
2049.4;0
2049.2;0
2049.2;0
2048.9;0
2048.7;0
2048.6;0
2048.6;0
2048.6;0
2048.6;0
2048.6;0
2048.6;0
2048.6;0
2048.5;0
2048.5;0
2048.4;0
2048.2;0
2048.1;0
2048.1;0
2048.0;0
2048.0;0
2048.0;0
2048.1;0
2048.1;0
2048.1;0
2048.1;0
2048.0;0
2048.0;0
2048.1;0
2048.1;0
2048.0;0
2048.0;0
2048.0;0
2047.9;0
2047.9;0
2047.9;0
2047.8;0
2047.8;0
2047.8;0
2047.7;0
2047.7;0
2047.7;0
2047.6;0
2047.6;0
2047.7;0
2047.7;0
2047.6;0
2047.6;0
2047.6;0
2047.5;0
2047.5;0
2047.5;0
2047.5;0
2047.4;0
2047.4;0
2047.4;0
2047.4;0
2047.3;0
2047.3;0
2047.3;0
2047.3;0
2047.3;0
2047.2;0
2047.2;0
2047.2;0
2047.2;0
2047.2;0
2047.2;0
2047.2;0
2047.2;0
2047.1;0
2047.1;0
2047.1;0
2047.1;0
2047.1;0
2047.0;0
2047.0;0
2047.0;0
2046.9;0
2046.9;0
2046.9;0
2046.9;0
2046.8;0
2046.8;0
2046.8;0
2046.7;0
2046.7;0
2046.7;0
2046.7;0
2046.7;0
2046.7;0
2046.6;0
2046.6;0
2046.5;0
2046.5;0
2046.5;0
2046.5;0
2046.4;0
2046.4;0
2046.4;0
2046.3;0
2046.3;0
2046.3;0
2046.2;0
2046.2;0
2046.2;0
2046.1;0
2046.1;0
2046.1;0
2046.0;0
2046.1;0
2046.0;0
2046.0;0
2046.0;0
2045.9;0
2045.9;0
2045.9;0
2045.8;0
2045.8;0
2045.8;0
2045.7;0
2045.7;0
2045.7;0
2045.6;0
2045.6;0
2045.6;0
2045.5;0
2045.5;0
2045.5;0
2045.4;0
2045.4;0
2045.4;0
2045.3;0
2045.4;0
2045.3;0
2045.3;0
2045.3;0
2045.2;0
2045.2;0
2045.2;0
2045.1;0
2045.1;0
2045.1;0
2045.0;0
2045.0;0
2045.0;0
2044.9;0
2044.9;0
2044.8;0
2044.8;0
2044.7;0
2044.7;0
2044.6;0
2044.6;0
2044.6;0
2044.6;0
2044.5;0
2044.5;0
2044.5;0
2044.4;0
2044.4;0
2044.4;0
2044.3;0
2044.3;0
2044.2;0
2044.2;0
2044.2;0
2044.1;0
2044.1;0
2044.1;0
2044.0;0
2044.0;0
2043.9;0
2043.8;0
2043.8;0
2039.1;0
2038.7;0
2038.6;0
2044.8;0
2039.9;0
2039.5;0
2038.4;0
2039.6;0
2038.4;0
